{
	"name": "runtime",
	"version": "1.28.10",
	"buildTimestamp": "",
	"scmRevision": "",
	"gav": "com.sap.openui5.dist:runtime:1.28.10:war",
	"libraries": [
		{
			"name": "sap.ui.core",
			"version": "1.28.10",
			"buildTimestamp": "201506221326",
			"scmRevision": "76bb737fb298d865198d85dcf26277fcd3f7bd4f",
			"gav": "com.sap.ui5:core:1.28.10:jar"
		},
		{
			"name": "sap.m",
			"version": "1.28.10",
			"buildTimestamp": "201506221326",
			"scmRevision": "76bb737fb298d865198d85dcf26277fcd3f7bd4f",
			"gav": "com.sap.ui5:mobile:1.28.10:jar"
		},
		{
			"name": "sap.ui.commons",
			"version": "1.28.10",
			"buildTimestamp": "201506221326",
			"scmRevision": "76bb737fb298d865198d85dcf26277fcd3f7bd4f",
			"gav": "com.sap.ui5:commons:1.28.10:jar"
		},
		{
			"name": "sap.ui.layout",
			"version": "1.28.10",
			"buildTimestamp": "201506221326",
			"scmRevision": "76bb737fb298d865198d85dcf26277fcd3f7bd4f",
			"gav": "com.sap.ui5:layout:1.28.10:jar"
		},
		{
			"name": "sap.ui.suite",
			"version": "1.28.10",
			"buildTimestamp": "201506221326",
			"scmRevision": "76bb737fb298d865198d85dcf26277fcd3f7bd4f",
			"gav": "com.sap.ui5:suite:1.28.10:jar"
		},
		{
			"name": "sap.ui.table",
			"version": "1.28.10",
			"buildTimestamp": "201506221326",
			"scmRevision": "76bb737fb298d865198d85dcf26277fcd3f7bd4f",
			"gav": "com.sap.ui5:table:1.28.10:jar"
		},
		{
			"name": "sap.ui.unified",
			"version": "1.28.10",
			"buildTimestamp": "201506221326",
			"scmRevision": "76bb737fb298d865198d85dcf26277fcd3f7bd4f",
			"gav": "com.sap.ui5:unified:1.28.10:jar"
		},
		{
			"name": "sap.ui.ux3",
			"version": "1.28.10",
			"buildTimestamp": "201506221326",
			"scmRevision": "76bb737fb298d865198d85dcf26277fcd3f7bd4f",
			"gav": "com.sap.ui5:ux3:1.28.10:jar"
		},
		{
			"name": "themelib_sap_bluecrystal",
			"version": "1.28.10",
			"buildTimestamp": "201506221326",
			"scmRevision": "76bb737fb298d865198d85dcf26277fcd3f7bd4f",
			"gav": "com.sap.ui5:themelib_sap_bluecrystal:1.28.10:jar"
		},
		{
			"name": "themelib_sap_goldreflection",
			"version": "1.28.10",
			"buildTimestamp": "201506221326",
			"scmRevision": "76bb737fb298d865198d85dcf26277fcd3f7bd4f",
			"gav": "com.sap.ui5:themelib_sap_goldreflection:1.28.10:jar"
		}
	]
}