{
    "sapBrandColor": "#000000",
    "sapHighlightColor": "#ffffff",
    "sapBaseColor": "#dddddd",
    "sapShellColor": "#000000",
    "sapBackgroundColor": "#ffffff",
    "sapTextColor": "#000000",
    "sapLinkColor": "#000000",
    "sapCompanyLogo": "none",
    "sapBackgroundImage": "none",
    "sapBackgroundImageOpacity": "1",
    "sapBackgroundImageRepeat": "false",
    "sapSelectedColor": "#ffffff",
    "sapActiveColor": "#ffffff",
    "sapHighlightTextColor": "#000000",
    "sapTitleColor": "#333333",
    "sapNegativeColor": "#d0001d",
    "sapCriticalColor": "#fffcb5",
    "sapPositiveColor": "#008a3b",
    "sapNeutralColor": "#306898",
    "sapContent_LabelColor": "#000000",
    "sapContent_DisabledTextColor": "#999999",
    "sapContent_ForegroundColor": "#bbb8b8",
    "sapContent_ForegroundBorderColor": "#9b9b9b",
    "sapContent_ForegroundTextColor": "#000000",
    "sapShell_Background": "#746b6b",
    "sapShell_BorderColor": "#5c4b4b",
    "sapShell_TextColor": "#ffffff",
    "sapButton_Background": "#ffffff",
    "sapButton_BorderColor": "#000000",
    "sapButton_TextColor": "#000000",
    "sapButton_Disabled_Background": "#ffffff",
    "sapButton_Disabled_BorderColor": "#949494",
    "sapButton_Disabled_TextColor": "#828282",
    "sapButton_Hover_Background": "#d1d1d1",
    "sapButton_Hover_BorderColor": "#000000",
    "sapButton_Hover_TextColor": "#000000",
    "sapButton_Emphasized_Background": "#ffffff",
    "sapButton_Emphasized_BorderColor": "#000000",
    "sapButton_Emphasized_TextColor": "#000000",
    "sapButton_Reject_Background": "#d0001d",
    "sapButton_Accept_Background": "#008a3b",
    "sapField_Background": "#ffffff",
    "sapField_BorderColor": "#969696",
    "sapField_HelpBackground": "#dddddd",
    "sapField_Hover_Background": "#ffffff",
    "sapField_Hover_BorderColor": "#969696",
    "sapField_Hover_HelpBackground": "#969696",
    "sapField_Focus_Background": "#fef09e",
    "sapField_Focus_BorderColor": "#969696",
    "sapField_Focus_HelpBackground": "#fef09e",
    "sapField_ReadOnly_Background": "#ffffff",
    "sapField_ReadOnly_BorderColor": "#969696",
    "sapField_ReadOnly_HelpBackground": "#ffffff",
    "sapField_Disabled_Background": "#ffffff",
    "sapField_Disabled_BorderColor": "#c0b2b2",
    "sapField_Disabled_HelpBackground": "#ffffff",
    "sapField_RequiredColor": "#d0001d",
    "sapField_InvalidColor": "#d0001d",
    "sapField_InvalidBackground": "#fbe9eb",
    "sapField_WarningColor": "#fffcb5",
    "sapField_WarningBackground": "#ffffff",
    "sapField_SuccessColor": "#008000",
    "sapField_SuccessBackground": "#a5eea5",
    "sapGroup_TitleBackground": "#dddddd",
    "sapGroup_TitleBorderColor": "#bebebe",
    "sapGroup_TitleTextColor": "#000000",
    "sapGroup_ContentBackground": "#ffffff",
    "sapGroup_ContentBorderColor": "#a7a7a7",
    "sapGroup_FooterBackground": "#dddddd",
    "sapToolbar_Background": "#dddddd",
    "sapToolbar_SeparatorColor": "#ffffff",
    "sapList_HeaderBackground": "#e0e0e0",
    "sapList_HeaderBorderColor": "#d5d5d5",
    "sapList_HeaderTextColor": "#323232",
    "sapList_BorderColor": "#d5d5d5",
    "sapList_HighlightColor": "#ffffff",
    "sapList_SelectionBackgroundColor": "#ffffff",
    "sapList_Hover_Background": "#ffffff",
    "sapScrollBar_FaceColor": "#e7e7e7",
    "sapScrollBar_TrackColor": "#ffffff",
    "sapScrollBar_BorderColor": "#e7e7e7",
    "sapScrollBar_SymbolColor": "#515151",
    "sapUiBaseColor": "#dddddd",
    "sapUiContentDisabledTextColor": "#666666",
    "sapUiContentForegroundBorderColor": "#a6a6a6",
    "sapUiButtonBackground": "#000000",
    "sapUiButtonBorderColor": "#ffffff",
    "sapUiButtonTextColor": "#ffffff",
    "sapUiButtonDisabledBackground": "#000000",
    "sapUiButtonDisabledBorderColor": "#666666",
    "sapUiButtonDisabledTextColor": "#828282",
    "sapUiButtonHoverBackground": "#7a5100",
    "sapUiButtonHoverBorderColor": "#ffffff",
    "sapUiButtonHoverTextColor": "#ffffff",
    "sapUiButtonRejectBackground": "#000000",
    "sapUiButtonAcceptBackground": "#000000",
    "sapUiFieldBackground": "#000000",
    "sapUiFieldBorderColor": "#ffffff",
    "sapUiFieldHelpBackground": "#ffffff",
    "sapUiFieldHoverBackground": "#ffffff",
    "sapUiFieldHoverBorderColor": "#ffffff",
    "sapUiFieldHoverHelpBackground": "#7a5100",
    "sapUiFieldFocusBackground": "#ffffff",
    "sapUiFieldFocusBorderColor": "#969696",
    "sapUiFieldFocusHelpBackground": "#ffffff",
    "sapUiFieldReadOnlyBackground": "#585858",
    "sapUiFieldReadOnlyBorderColor": "#999999",
    "sapUiFieldReadOnlyHelpBackground": "#808080",
    "sapUiFieldDisabledBackground": "#ffffff",
    "sapUiFieldDisabledBorderColor": "#969696",
    "sapUiFieldDisabledHelpBackground": "#ffffff",
    "sapUiFieldRequiredColor": "#969696",
    "sapUiFieldInvalidColor": "#ff0000",
    "sapUiFieldInvalidBackground": "#aa0000",
    "sapUiFieldWarningColor": "#ffffff",
    "sapUiFieldWarningBackground": "#ccaa00",
    "sapUiFieldSuccessColor": "#00aa00",
    "sapUiFieldSuccessBackground": "#00aa00",
    "sapUiListHeaderBorderColor": "#ffffff",
    "sapUiListHighlightColor": "#ffffff",
    "sapUiListHoverBackground": "#7a5100",
    "sapUiListSelectionBackgroundColor": "#7a5100",
    "sapUiBrand": "#ffffff",
    "sapUiHighlight": "#7a5100",
    "sapUiSelected": "#7a5100",
    "sapUiActive": "#7a5100",
    "sapUiPurple": "#800080",
    "sapUiOrange": "#ffa500",
    "sapUiGreen": "#008000",
    "sapUiBlue": "#0000ff",
    "sapUiRed": "#ff0000",
    "sapUiYellow": "#ffff00",
    "sapUiBase": "#ffffff",
    "sapUiBaseBG": "#000000",
    "sapUiBaseBorder": "#ffffff",
    "sapUiBaseText": "#ffffff",
    "sapUiBaseLine": "#ffffff",
    "sapUiWhite": "#000000",
    "sapUiWhiteBG": "#000000",
    "sapUiExtraLightBG": "#000000",
    "sapUiLightBG": "#000000",
    "sapUiMediumBG": "#000000",
    "sapUiDarkBG": "#000000",
    "sapUiDeepBG": "#ffffff",
    "sapUiBlackBG": "#ffffff",
    "sapUiHoverBG": "#808080",
    "sapUiMediumAltBG": "#808080",
    "sapUiDarkAltBG": "#a9a9a9",
    "sapUiButtonStandardBG": "#000000",
    "sapUiButtonEmphasizedBG": "#000000",
    "sapUiButtonNegativeBG": "#000000",
    "sapUiButtonPositiveBG": "#000000",
    "sapUiErrorBG": "#000000",
    "sapUiWarningBG": "#000000",
    "sapUiReadOnlyBG": "#585858",
    "sapUiExtraLightText": "#ffffff",
    "sapUiLightText": "#ffffff",
    "sapUiMediumText": "#ffffff",
    "sapUiDarkText": "#ffffff",
    "sapUiDeepText": "#000000",
    "sapUiText": "#ffffff",
    "sapUiTextInverted": "#000000",
    "sapUiLink": "#ffffff",
    "sapUiLinkInverted": "#ffffff",
    "sapUiLinkVisited": "#ffffff",
    "sapUiLinkActive": "#ffffff",
    "sapUiLinkHover": "#ffffff",
    "sapUiNegativeText": "#ff5e5e",
    "sapUiPositiveText": "#99cc99",
    "sapUiWhiteBorder": "#ffffff",
    "sapUiExtraLightBorder": "#ffffff",
    "sapUiLightBorder": "#ffffff",
    "sapUiMediumBorder": "#ffffff",
    "sapUiDarkBorder": "#ffffff",
    "sapUiBlackBorder": "#000000",
    "sapUiErrorBorder": "#ffffff",
    "sapUiWarningBorder": "#ffffff",
    "sapUiLightLine": "#d3d3d3",
    "sapUiMediumLine": "#808080",
    "sapUiEmphasizedLine": "#7a5100",
    "sapUiDarkLine": "#a9a9a9",
    "sapUiTableRowBG": "#000000",
    "sapUiTableRowAlternatingBG": "#444444",
    "sapUiTableRowSelectionBG": "#7a5100",
    "sapUiTableRowSelectionReadOnlyBG": "#7a5100",
    "sapUiTableRowHoverBG": "#808080",
    "sapUiListBG": "#f7f7f7",
    "sapUiTextColor": "#008000",
    "sapUiTextTitleColor": "#008000",
    "sapUiTextSelectionColor": "#008000",
    "sapUiTextDisabled": "#666666",
    "sapUiTextTitle": "#ffffff",
    "sapUiTextSelection": "#ffffff",
    "sapUiTextfieldBackground": "#000000",
    "sapUiLineHeight": "18px",
    "sapUiFontFamily": "Arial, Helvetica, sans-serif",
    "sapUiFontMonospaceFamily": "Lucida Console",
    "sapUiFontSize": "16px",
    "sapUiFontLargeSize": "16px",
    "sapUiFontSmallSize": "10px",
    "sapUiFontHeader1Size": "16px",
    "sapUiFontHeader2Size": "13px",
    "sapUiFontHeader3Size": "16px",
    "sapUiFontHeader4Size": "10px",
    "sapUiFontHeader5Size": "10px",
    "sapUiFontHeader6Size": "10px",
    "sapUiUx3ShellBackgroundColor": "#000000",
    "sapUiUx3ShellHoverColor": "#ffffff",
    "sapUiUx3ShellSideBarBaseWidth": "40px",
    "sapUiUx3ShellPaneOverflowButtonHeight": "120px",
    "sapUiUx3ShellToolPaletteIconFontColor": "#ffffff",
    "sapUiUx3ExactLstExpandOffset": "0 0",
    "sapUiUx3ExactLstRootExpandOffset": "0 3",
    "sapUiUx3ExactLstCollapseWidth": "24px",
    "sapUiUx3ExactLstHeaderHeight": "25px",
    "sapUiUx3ExactLstContentTop": "25px",
    "sapUiNotificationBarBG": "#000000",
    "sapUiNotificationBarBG_IE": "#000000",
    "sapUiNotifierHoverColor": "#7a5100",
    "sapUiNotifierSeparator": "#ffffff",
    "sapUiNotificationText": "#ffffff",
    "sapUiNotificationTimestamp": "#ababab",
    "sapUiNotificationBarCalloutBorder": "#ffffff",
    "sapUiNotificationBarCalloutBorder_IE": "#ffffff",
    "sapUiNotificationBarCalloutArr": "#ffffff",
    "sapUiNotificationBarHeight": "40px",
    "sapUiNotificationBarHeightMinimized": "0px",
    "sapUiNotificationBarHeightMaximized": "40%",
    "sapUiNotifierWidth": "40px",
    "sapUiNotifierSeparatorWidth": "2px",
    "sapUiUx3ToolPopupInverted": "false",
    "sapUiUx3ToolPopupArrowWidth": "13px",
    "sapUiUx3ToolPopupArrowHeight": "20px",
    "sapUiUx3ToolPopupArrowRightMarginCorrection": "11px",
    "sapUiUx3ToolPopupArrowRightMarginCorrectionInverted": "-7px",
    "sapUiUx3TPPaddingBottom": "50px",
    "sapUiButtonActiveBorderColor": "#ffffff",
    "sapUiButtonActiveBackground": "#7a5100",
    "sapUiButtonEmphasizedBorderColor": "#ffffff",
    "sapUiButtonEmphasizedBackground": "#000000",
    "sapUiButtonEmphasizedDisabledBorderColor": "#666666",
    "sapUiButtonEmphasizedDisabledBackground": "#000000",
    "sapUiButtonEmphasizedHoverBorderColor": "#ffffff",
    "sapUiButtonEmphasizedHoverBackground": "#7a5100",
    "sapUiButtonEmphasizedActiveBorderColor": "#ffffff",
    "sapUiButtonEmphasizedActiveBackground": "#7a5100",
    "sapUiButtonAcceptBorderColor": "#ffffff",
    "sapUiButtonAcceptDisabledBorderColor": "#666666",
    "sapUiButtonAcceptDisabledBackground": "#000000",
    "sapUiButtonAcceptHoverBorderColor": "#ffffff",
    "sapUiButtonAcceptHoverBackground": "#7a5100",
    "sapUiButtonAcceptActiveBorderColor": "#ffffff",
    "sapUiButtonAcceptActiveBackground": "#7a5100",
    "sapUiButtonRejectBorderColor": "#ffffff",
    "sapUiButtonRejectDisabledBorderColor": "#666666",
    "sapUiButtonRejectDisabledBackground": "#000000",
    "sapUiButtonRejectHoverBorderColor": "#ffffff",
    "sapUiButtonRejectHoverBackground": "#7a5100",
    "sapUiButtonRejectActiveBorderColor": "#ffffff",
    "sapUiButtonRejectActiveBackground": "#7a5100",
    "sapUiButtonLiteBackground": "transparent",
    "sapUiToggleButtonPressedDisabledBackground": "#000000",
    "sapUiToggleButtonPressedBackground": "#7a5100",
    "sapUiPositiveBG": "#99cc99",
    "sapUiShadowTint": "#000000",
    "sapUiShadow": "5px 5px 10px rgba(0, 0, 0, 0.5)",
    "sapUiThemeDesignerCustomCss": "false",
    "sapUiMarginTiny": "0.5rem",
    "sapUiMarginSmall": "1rem",
    "sapUiMarginMedium": "2rem",
    "sapUiMarginLarge": "3rem",
    "sapUiEscapedEmptyString": "",
    "sapMInputBaseMsgBG": "#000000",
    "sapMShellAppWidthLimit": "1280px",
    "sapMShellAppWidthLimitBy2": "640px",
    "sapMShellAppHeight": "3333px",
    "sapMShellHeaderHeight": "68px",
    "sapMShellMinHeightForHeader": "3401px",
    "sapMShellMinWidthForLogoAside": "1480px",
    "sapMShellMinWidthForBigLogoAside": "1680px",
    "sapMShellContentBG": "rgba(255, 255, 255, 0.3)",
    "sapMShellAppWidthLimitPlusPadding": "1296px",
    "sapMTitleSize1": "1.75rem",
    "sapMTitleSize2": "1.5rem",
    "sapMTitleSize3": "1.25rem",
    "sapMTitleSize4": "1.125rem",
    "sapMTitleSize5": "1rem",
    "sapMTitleSize6": "0.875rem",
    "sapMTitleColor": "#ffffff",
    "sapMTitleFontFamily": "Arial, Helvetica, sans-serif",
    "sapMTitleFontWeight": "normal",
    "sapHCStandardBG": "#000000",
    "sapHCHighlightBG": "#7a5100",
    "sapHCHighlightAltBG": "#0f5d94",
    "sapHCReducedBG": "#585858",
    "sapHCReducedAltBG": "#a2a39f",
    "sapHCStandardFG": "#ffffff",
    "sapHCEnhancedFG": "#03b803",
    "sapHCReducedFG": "#666666",
    "sapHCReducedAltFG": "#999999",
    "sapHCNegative": "#ff5e5e",
    "sapHCCritical": "#ffab1d",
    "sapHCPositive": "#99cc99",
    "sapHCNeutral": "#ffffff",
    "sapHCShadowTint": "rgba(255, 255, 255, 0.8)",
    "sapUiInfoTop": "false",
    "sapUiHighlightColor": "#7a5100",
    "sapUiListHeaderBackground": "#585858",
    "sapUiFontHeaderWeight": "normal",
    "sapUiDesktopFontSize": "11px",
    "sapMFontHeader1Size": "1.75rem",
    "sapMFontHeader2Size": "1.5rem",
    "sapMFontHeader3Size": "1.25rem",
    "sapMFontHeader4Size": "1.125rem",
    "sapMFontHeader5Size": "1rem",
    "sapMFontHeader6Size": "0.875rem",
    "sapMFontSmallSize": "0.75rem",
    "sapMFontMediumSize": "0.875rem",
    "sapMFontLargeSize": "1rem",
    "sapUiChartGood": "#61a656",
    "sapUiChartNeutral": "#848f94",
    "sapUiChartBad": "#d32030",
    "sapUiChartCritical": "#e17b24",
    "sapUiChart1": "#5cbae6",
    "sapUiChart2": "#b6d957",
    "sapUiChart3": "#fac364",
    "sapUiChart4": "#8cd3ff",
    "sapUiChart5": "#d998cb",
    "sapUiChart6": "#f2d249",
    "sapUiChart7": "#93b9c6",
    "sapUiChart8": "#ccc5a8",
    "sapUiChart9": "#52bacc",
    "sapUiChart10": "#dbdb46",
    "sapUiChart11": "#98aafb",
    "sapUiChartSequence1": "#27a3dd",
    "sapUiChartSequence2": "#9dc62d",
    "sapUiChartSequence3": "#f8ac29",
    "sapUiChartSequenceNeutral": "#848f94",
    "sapUiChartLabelHoverColor": "#7a5100",
    "sapUiChartLabelPressedColor": "#0f5d94",
    "sapUiChartCategoryAxisLabelFontColor": "#ffffff",
    "sapUiChartValueAxisLabelFontColor": "#ffffff",
    "sapUiChartCategoryAxisLabelFontSize": "0.75rem",
    "sapUiChartValueAxisLabelFontSize": "0.75rem",
    "sapUiChartCategoryAxisLineColor": "#ffffff",
    "sapUiChartValueAxisLineColor": "#ffffff",
    "sapUiChartCategoryAxisTickColor": "#ffffff",
    "sapUiChartValueAxisTickColor": "#ffffff",
    "sapUiChartBackgroundColor": "#000000",
    "sapUiChartLabelFontWeight": "normal",
    "sapUiChartLegendLabelFontColor": "#ffffff",
    "sapUiChartLegendTitleFontColor": "#ffffff",
    "sapUiChartLegendTitleFontSize": "0.875rem",
    "sapUiChartLegendLabelFontSize": "0.75rem",
    "sapUiChartPaletteUndefinedColor": "#ffffff",
    "sapUiChartGridlineColor": "#999999",
    "sapUiChartReferenceLineColor": "#ffffff",
    "sapUiChartDataLabelFontColor": "#ffffff",
    "sapUiChartReferenceLineLabelColor": "#ffffff",
    "sapUiChartDataLabelFontSize": "0.75rem",
    "sapUiChartPopoverDataItemFontColor": "#ffffff",
    "sapUiChartPopoverGroupFontColor": "#ffffff",
    "sapUiChartPopoverDataItemFontSize": "0.875rem",
    "sapUiChartPopoverGroupFontSize": "0.875rem",
    "sapUiChartPopoverGroupFontWeight": "bold",
    "sapUiChartScrollBarThumbColor": "#999999",
    "sapUiChartScrollBarTrackColor": "#000000",
    "sapUiChartScrollBarThumbHoverColor": "#ffffff",
    "sapUiChartMainTitleFontColor": "#ffffff",
    "sapUiChartAxisTitleFontColor": "#ffffff",
    "sapUiChartMainTitleFontSize": "1rem",
    "sapUiChartAxisTitleFontSize": "0.875rem",
    "sapUiChartTitleFontWeight": "bold",
    "sapUiChartDataPointBorderColor": "#000000",
    "sapUiChartDataPointBorderHoverSelectedColor": "#ffffff",
    "sapUiChartDataPointNotSelectedBackgroundOpacity": "0.7",
    "sapUiChartValueAxisLineOpacity": "0",
    "sapUiChartCategoryAxisLabelFontHoverColor": "#ffffff",
    "sapUiChartCategoryAxisLabelFontPressedColor": "#ffffff",
    "sapUiChartTargetColor": "#ffffff",
    "sapUiChartTargetShadowColor": "#000000",
    "sapUiChartBubbleBGOpacity": "0.9",
    "sapUiChartPaletteQualitativeHue1": "#30a7df",
    "sapUiChartPaletteQualitativeHue2": "#a3ce2f",
    "sapUiChartPaletteQualitativeHue3": "#f8b033",
    "sapUiChartPaletteQualitativeHue4": "#cb73b8",
    "sapUiChartPaletteQualitativeHue5": "#efc619",
    "sapUiChartPaletteQualitativeHue6": "#b9b088",
    "sapUiChartPaletteQualitativeHue7": "#30a7df",
    "sapUiChartPaletteQualitativeHue8": "#a3ce2f",
    "sapUiChartPaletteQualitativeHue9": "#f8b033",
    "sapUiChartPaletteQualitativeHue10": "#cb73b8",
    "sapUiChartPaletteQualitativeHue11": "#efc619",
    "sapUiChartPaletteSemanticBadLight3": "#db3535",
    "sapUiChartPaletteSemanticBadLight2": "#db3535",
    "sapUiChartPaletteSemanticBadLight1": "#ff7878",
    "sapUiChartPaletteSemanticBad": "#ff7878",
    "sapUiChartPaletteSemanticBadDark1": "#ff7878",
    "sapUiChartPaletteSemanticBadDark2": "#ff7878",
    "sapUiChartPaletteSemanticCriticalLight3": "#b67200",
    "sapUiChartPaletteSemanticCriticalLight2": "#b67200",
    "sapUiChartPaletteSemanticCriticalLight1": "#ffab1d",
    "sapUiChartPaletteSemanticCritical": "#ffab1d",
    "sapUiChartPaletteSemanticCriticalDark1": "#ffab1d",
    "sapUiChartPaletteSemanticCriticalDark2": "#ffab1d",
    "sapUiChartPaletteSemanticGoodLight3": "#5e975e",
    "sapUiChartPaletteSemanticGoodLight2": "#5e975e",
    "sapUiChartPaletteSemanticGoodLight1": "#a4dba4",
    "sapUiChartPaletteSemanticGood": "#a4dba4",
    "sapUiChartPaletteSemanticGoodDark1": "#a4dba4",
    "sapUiChartPaletteSemanticGoodDark2": "#a4dba4",
    "sapUiChartPaletteSemanticNeutralLight3": "#848f94",
    "sapUiChartPaletteSemanticNeutralLight2": "#848f94",
    "sapUiChartPaletteSemanticNeutralLight1": "#d5dadc",
    "sapUiChartPaletteSemanticNeutral": "#d5dadc",
    "sapUiChartPaletteSemanticNeutralDark1": "#d5dadc",
    "sapUiChartPaletteSemanticNeutralDark2": "#d5dadc",
    "sapUiChartPaletteSequentialHue1Light3": "#2481ad",
    "sapUiChartPaletteSequentialHue1Light2": "#2481ad",
    "sapUiChartPaletteSequentialHue1Light1": "#5cbae5",
    "sapUiChartPaletteSequentialHue1": "#5cbae5",
    "sapUiChartPaletteSequentialHue1Dark1": "#5cbae5",
    "sapUiChartPaletteSequentialHue1Dark2": "#5cbae5",
    "sapUiChartPaletteSequentialHue2Light3": "#819f31",
    "sapUiChartPaletteSequentialHue2Light2": "#819f31",
    "sapUiChartPaletteSequentialHue2Light1": "#c6e17d",
    "sapUiChartPaletteSequentialHue2": "#c6e17d",
    "sapUiChartPaletteSequentialHue2Dark1": "#c6e17d",
    "sapUiChartPaletteSequentialHue2Dark2": "#c6e17d",
    "sapUiChartPaletteSequentialHue3Light3": "#b67200",
    "sapUiChartPaletteSequentialHue3Light2": "#b67200",
    "sapUiChartPaletteSequentialHue3Light1": "#ffab1d",
    "sapUiChartPaletteSequentialHue3": "#ffab1d",
    "sapUiChartPaletteSequentialHue3Dark1": "#ffab1d",
    "sapUiChartPaletteSequentialHue3Dark2": "#ffab1d",
    "sapUiChartPaletteSequentialNeutralLight3": "#848f94",
    "sapUiChartPaletteSequentialNeutralLight2": "#848f94",
    "sapUiChartPaletteSequentialNeutralLight1": "#d5dadc",
    "sapUiChartPaletteSequentialNeutral": "#d5dadc",
    "sapUiChartPaletteSequentialNeutralDark1": "#d5dadc",
    "sapUiChartPaletteSequentialNeutralDark2": "#d5dadc",
    "sapUiChoroplethBG": "#000000",
    "sapUiChoroplethRegionBorder": "#000000",
    "sapUiChoroplethRegionBG": "#848f94",
    "sapUiMapLegendBG": "#000000",
    "sapUiMapLegendBorderColor": "#ffffff",
    "sapUiMessageNotifierCountBG": "#0f5d94",
    "sapUiRIIconPadding": "0.25rem",
    "sapUiDatePickerTableBackground": "#0f5d94",
    "sapUiDatePickerTableBorderColor": "#0f5d94",
    "sapUiDTICustomRows": "5",
    "sapUiDTICustomPhoneRows": "3",
    "sapUiDTICustomWidth": "64",
    "sapUiDTICustomHeight": "48",
    "sapUiDTICustomShowLabel": "false",
    "sapUiDTICustomHeaderText": "true",
    "sapUiDTICustomMode": "scroller",
    "sapUiDTICustomDesktopMode": "mixed",
    "sapUiDTICustomDisplay": "bubble",
    "sapUiDTICustomPhoneDisplay": "modal",
    "sapUiToolbarSeparatorBG": "#ffffff",
    "sapUiToolbarSeparatorFooterBG": "#ffffff",
    "sapUiCriticalText": "#ffab1d",
    "sapUiNegativeElement": "#ff5e5e",
    "sapUiNeutralElement": "#ffffff",
    "sapUiPositiveElement": "#99cc99",
    "sapUiCriticalElement": "#ffab1d",
    "sapUiNeutralBG": "#000000",
    "sapUISuccessBG": "#000000",
    "sapUiActiveBG": "#0f5d94",
    "sapUiSearchHighlight": "#7a5100",
    "sapUiFocus": "#ffffff",
    "sapUiDarkestBorder": "#ffffff",
    "sapUiExtraDarkBorder": "#ffffff",
    "sapUiLightestBorder": "#ffffff",
    "sapUiSuccessBorder": "#ffffff",
    "sapUiAccent1": "#ffffff",
    "sapUiAccent2": "#ffffff",
    "sapUiAccent3": "#ffffff",
    "sapUiAccent4": "#ffffff",
    "sapUiAccent5": "#ffffff",
    "sapUiAccent6": "#ffffff",
    "sapUiAccent7": "#ffffff",
    "sapUiAccent8": "#ffffff",
    "sapUiDarkShadowTint": "#ffffff",
    "sapUiLightShadowTint": "#ffffff",
    "sapUiFooterBG": "#000000",
    "sapUiHeaderBG": "#000000",
    "sapUiLightestBG": "#000000",
    "sapUiDarkestBG": "#000000",
    "sapUiExtraDarkBG": "#000000",
    "sapMeOverlapCalendarType00": "#585858",
    "sapMeOverlapCalendarType01": "#66b366",
    "sapMeOverlapCalendarType01Action": "#66b366",
    "sapMeOverlapCalendarType04": "#bbddbb",
    "sapMeOverlapCalendarType06": "#ffab1d",
    "sapMeOverlapCalendarType07": "#ff9191",
    "sapMeOverlapCalendarIndicator": "#ffffff",
    "sapMeCalendarLegendIconCollapse": "collapse",
    "sapMeCalendarLegendIconExpand": "expand",
    "sapMSwitch-ONPOSITION": "-32",
    "sapMSwitch-OFFPOSITION": "0",
    "sapMSwitch-TRANSITIONTIME": "175"
}